0x0,
0x4,
0x9,
0xe,
0x13,
0x18,
0x1d,
0x22,
0x27,
0x2c,
0x31,
0x36,
0x3b,
0x40,
0x45,
0x4a,
0x4f,
0x54,
0x59,
0x5e,
0x63,
0x68,
0x6d,
0x72,
0x77,
0x7c,
0x81,
0x86,
0x8a,
0x8e,
0x94,
0x99,
0x9e,
0xa3,
0xa8,
0xad,
0xb2,
0xb7,
0xbc,
0xc1,
0xc6,
0xcb,
0xd0,
0xd5,
0xda,
0xdf,
0xe4,
0xe9,
0xee,
0xf3,
0xf8,
0xfd,
0x102,
0x107,
0x10c,
0x111,
0x115,
0x119,
0x11e,
0x124,
0x129,
0x12e,
0x133,
0x138,
0x13d,
0x142,
0x147,
0x14c,
0x151,
0x156,
0x15b,
0x160,
0x165,
0x16a,
0x16f,
0x174,
0x179,
0x17e,
0x183,
0x188,
0x18d,
0x192,
0x197,
0x19b,
0x1a0,
0x1a5,
0x1aa,
0x1af,
0x1b4,
0x1b9,
0x1be,
0x1c3,
0x1c8,
0x1cd,
0x1d2,
0x1d7,
0x1dc,
0x1e1,
0x1e6,
0x1eb,
0x1f0,
0x1f5,
0x1fa,
0x1ff,
0x204,
0x209,
0x20e,
0x213,
0x218,
0x21d,
0x222,
0x226,
0x22b,
0x22f,
0x234,
0x239,
0x23e,
0x244,
0x249,
0x24e,
0x253,
0x258,
0x25d,
0x262,
0x267,
0x26c,
0x271,
0x276,
0x27b,
0x280,
0x285,
0x28a,
0x28f,
0x294,
0x299,
0x29e,
0x2a3,
0x2a8,
0x2ac,
0x2b1,
0x2b6,
0x2bb,
0x2c0,
0x2c5,
0x2ca,
0x2cf,
0x2d4,
0x2d9,
0x2de,
0x2e3,
0x2e8,
0x2ed,
0x2f2,
0x2f7,
0x2fc,
0x301,
0x306,
0x30b,
0x310,
0x315,
0x31a,
0x31f,
0x324,
0x329,
0x32e,
0x333,
0x337,
0x33c,
0x341,
0x346,
0x34b,
0x350,
0x355,
0x35a,
0x35f,
0x364,
0x369,
0x36e,
0x373,
0x378,
0x37d,
0x382,
0x387,
0x38c,
0x391,
0x396,
0x39b,
0x3a0,
0x3a5,
0x3aa,
0x3af,
0x3b4,
0x3b9,
0x3bd,
0x3c2,
0x3c7,
0x3cc,
0x3d1,
0x3d6,
0x3db,
0x136,
0x13b,
0x140,
0x145,
0x14a,
0x14f,
0x154,
0x158,
0x15d,
0x162,
0x167,
0x16c,
0x171,
0x176,
0x17b,
0x180,
0x185,
0x18a,
0x18f,
0x194,
0x199,
0x19e,
0x1a3,
0x1a8,
0x1ad,
0x1b2,
0x1b7,
0x1bc,
0x1c1,
0x1c6,
0x1cb,
0x1d0,
0x1d5,
0x1da,
0x1de,
0x1e3,
0x1e8,
0x1ed,
0x1f2,
0x1f7,
0x1fc,
0x201,
0x206,
0x20b,
0x210,
0x215,
0x21a,
0x21f,
0x224,
0x229,
0x22e,
0x233,
0x238,
0x23d,
0x242,
0x247,
0x24c,
0x251,
0x256,
0x25b,
0x260,
0x265,
0x269,
0x26e,
0x273,
0x278,
0x27d,
0x282,
0x287,
0x28c,
0x291,
0x296,
0x29b,
0x2a0,
0x2a5,
0x2aa,
0x2af,
0x2b4,
0x2b9,
0x2be,
0x2c3,
0x2c8,
0x2cd,
0x2d2,
0x2d7,
0x2dc,
0x2e1,
0x2e6,
0x2eb,
0x2ef,
0x2f4,
0x2f9,
0x2fe,
0x303,
0x308,
0x30d,
0x312,
0x317,
0x31c,
0x321,
0x326,
0x32b,
0x330,
0x335,
0x33a,
0x33f,
0x344,
0x349,
0x34e,
0x353,
0x358,
0x35d,
0x362,
0x367,
0x36c,
0x371,
0x376,
0x37a,
0x37f,
0x384,
0x389,
0x38e,
0x393,
0x398,
0x39d,
0x3a2,
0x3a7,
0x3ac,
0x3b1,
0x3b6,
0x3bb,
0x3c0,
0x3c5,
0x3ca,
0x3cf,
0x3d4,
0x3d9,
0x3de,
0x3e3,
0x3e8,
0x3ed,
0x3f2,
0x3f7,
0x3fc,
0x400,
0x405,
0x40a,
0x40f,
0x414,
0x419,
0x41e,
0x423,
0x428,
0x42d,
0x432,
0x437,
0x43c,
0x441,
0x446,
0x44b,
0x450,
0x455,
0x45a,
0x45f,
0x464,
0x469,
0x46e,
0x473,
0x478,
0x47d,
0x482,
0x487,
0x48b,
0x490,
0x495,
0x49a,
0x49f,
0x4a4,
0x4a9,
0x4ae,
0x4b3,
0x4b8,
0x4bd,
0x4c2,
0x4c7,
0x4cc,
0x4d1,
0x4d6,
0x4db,
0x4e0,
0x4e5,
0x4ea,
0x4ef,
0x4f4,
0x4f9,
0x4fe,
0x503,
0x508,
0x50d,
0x511,
0x26c,
0x271,
0x276,
0x27b,
0x280,
0x285,
0x28a,
0x28f,
0x294,
0x299,
0x29e,
0x2a3,
0x2a8,
0x2ac,
0x2b1,
0x2b6,
0x2bb,
0x2c0,
0x2c5,
0x2ca,
0x2cf,
0x2d4,
0x2d9,
0x2de,
0x2e3,
0x2e8,
0x2ed,
0x2f2,
0x2f7,
0x2fc,
0x301,
0x306,
0x30b,
0x310,
0x315,
0x31a,
0x31f,
0x324,
0x329,
0x32e,
0x333,
0x337,
0x33c,
0x341,
0x346,
0x34b,
0x350,
0x355,
0x35a,
0x35f,
0x364,
0x369,
0x36e,
0x373,
0x378,
0x37d,
0x382,
0x387,
0x38c,
0x391,
0x396,
0x39b,
0x3a0,
0x3a5,
0x3aa,
0x3af,
0x3b4,
0x3b9,
0x3bd,
0x3c2,
0x3c7,
0x3cc,
0x3d1,
0x3d6,
0x3db,
0x3e0,
0x3e5,
0x3ea,
0x3ef,
0x3f4,
0x3f9,
0x3fe,
0x403,
0x408,
0x40d,
0x412,
0x417,
0x41c,
0x421,
0x426,
0x42b,
0x430,
0x435,
0x43a,
0x43f,
0x444,
0x448,
0x44d,
0x452,
0x457,
0x45c,
0x461,
0x466,
0x46b,
0x470,
0x475,
0x47a,
0x47f,
0x484,
0x489,
0x48e,
0x493,
0x498,
0x49d,
0x4a2,
0x4a7,
0x4ac,
0x4b1,
0x4b6,
0x4bb,
0x4c0,
0x4c5,
0x4ca,
0x4ce,
0x4d3,
0x4d8,
0x4dd,
0x4e2,
0x4e7,
0x4ec,
0x4f1,
0x4f6,
0x4fb,
0x500,
0x505,
0x50a,
0x50f,
0x514,
0x519,
0x51e,
0x523,
0x528,
0x52d,
0x532,
0x537,
0x53c,
0x541,
0x546,
0x54b,
0x550,
0x555,
0x559,
0x55e,
0x563,
0x568,
0x56d,
0x572,
0x577,
0x57c,
0x581,
0x586,
0x58b,
0x590,
0x595,
0x59a,
0x59f,
0x5a4,
0x5a9,
0x5ae,
0x5b3,
0x5b8,
0x5bd,
0x5c2,
0x5c7,
0x5cc,
0x5d1,
0x5d6,
0x5db,
0x5df,
0x5e4,
0x5e9,
0x5ee,
0x5f3,
0x5f8,
0x5fd,
0x602,
0x607,
0x60c,
0x611,
0x616,
0x61b,
0x620,
0x625,
0x62a,
0x62f,
0x634,
0x639,
0x63e,
0x643,
0x648,
0x3a2,
0x3a7,
0x3ac,
0x3b1,
0x3b6,
0x3bb,
0x3c0,
0x3c5,
0x3ca,
0x3cf,
0x3d4,
0x3d9,
0x3de,
0x3e3,
0x3e8,
0x3ed,
0x3f2,
0x3f7,
0x3fc,
0x400,
0x405,
0x40a,
0x40f,
0x414,
0x419,
0x41e,
0x423,
0x428,
0x42d,
0x432,
0x437,
0x43c,
0x441,
0x446,
0x44b,
0x450,
0x455,
0x45a,
0x45f,
0x464,
0x469,
0x46e,
0x473,
0x478,
0x47d,
0x482,
0x487,
0x48b,
0x490,
0x495,
0x49a,
0x49f,
0x4a4,
0x4a9,
0x4ae,
0x4b3,
0x4b8,
0x4bd,
0x4c2,
0x4c7,
0x4cc,
0x4d1,
0x4d6,
0x4db,
0x4e0,
0x4e5,
0x4ea,
0x4ef,
0x4f4,
0x4f9,
0x4fe,
0x503,
0x508,
0x50d,
0x511,
0x516,
0x51b,
0x520,
0x525,
0x52a,
0x52f,
0x534,
0x539,
0x53e,
0x543,
0x548,
0x54d,
0x552,
0x557,
0x55c,
0x561,
0x566,
0x56b,
0x570,
0x575,
0x57a,
0x57f,
0x584,
0x589,
0x58e,
0x593,
0x598,
0x59c,
0x5a1,
0x5a6,
0x5ab,
0x5b0,
0x5b5,
0x5ba,
0x5bf,
0x5c4,
0x5c9,
0x5ce,
0x5d3,
0x5d8,
0x5dd,
0x5e2,
0x5e7,
0x5ec,
0x5f1,
0x5f6,
0x5fb,
0x600,
0x605,
0x60a,
0x60f,
0x614,
0x619,
0x61e,
0x622,
0x627,
0x62c,
0x631,
0x636,
0x63b,
0x640,
0x645,
0x64a,
0x64f,
0x654,
0x659,
0x65e,
0x663,
0x668,
0x66d,
0x672,
0x677,
0x67c,
0x681,
0x686,
0x68b,
0x690,
0x695,
0x69a,
0x69f,
0x6a4,
0x6a9,
0x6ad,
0x6b2,
0x6b7,
0x6bc,
0x6c1,
0x6c6,
0x6cb,
0x6d0,
0x6d5,
0x6da,
0x6df,
0x6e4,
0x6e9,
0x6ee,
0x6f3,
0x6f8,
0x6fd,
0x702,
0x707,
0x70c,
0x711,
0x716,
0x71b,
0x720,
0x725,
0x72a,
0x72f,
0x733,
0x738,
0x73d,
0x742,
0x747,
0x74c,
0x751,
0x756,
0x75b,
0x760,
0x765,
0x76a,
0x76f,
0x774,
0x779,
0x77e,
0x4d8,
0x4dd,
0x4e2,
0x4e7,
0x4ec,
0x4f1,
0x4f6,
0x4fb,
0x500,
0x505,
0x50a,
0x50f,
0x514,
0x519,
0x51e,
0x523,
0x528,
0x52d,
0x532,
0x537,
0x53c,
0x541,
0x546,
0x54b,
0x550,
0x555,
0x559,
0x55e,
0x563,
0x568,
0x56d,
0x572,
0x577,
0x57c,
0x581,
0x586,
0x58b,
0x590,
0x595,
0x59a,
0x59f,
0x5a4,
0x5a9,
0x5ae,
0x5b3,
0x5b8,
0x5bd,
0x5c2,
0x5c7,
0x5cc,
0x5d1,
0x5d6,
0x5db,
0x5df,
0x5e4,
0x5e9,
0x5ee,
0x5f3,
0x5f8,
0x5fd,
0x602,
0x607,
0x60c,
0x611,
0x616,
0x61b,
0x620,
0x625,
0x62a,
0x62f,
0x634,
0x639,
0x63e,
0x643,
0x648,
0x64d,
0x652,
0x657,
0x65c,
0x661,
0x666,
0x66a,
0x66f,
0x674,
0x679,
0x67e,
0x683,
0x688,
0x68d,
0x692,
0x697,
0x69c,
0x6a1,
0x6a6,
0x6ab,
0x6b0,
0x6b5,
0x6ba,
0x6bf,
0x6c4,
0x6c9,
0x6ce,
0x6d3,
0x6d8,
0x6dd,
0x6e2,
0x6e7,
0x6ec,
0x6f0,
0x6f5,
0x6fa,
0x6ff,
0x704,
0x709,
0x70e,
0x713,
0x718,
0x71d,
0x722,
0x727,
0x72c,
0x731,
0x736,
0x73b,
0x740,
0x745,
0x74a,
0x74f,
0x754,
0x759,
0x75e,
0x763,
0x768,
0x76d,
0x772,
0x777,
0x77b,
0x780,
0x785,
0x78a,
0x78f,
0x794,
0x799,
0x79e,
0x7a3,
0x7a8,
0x7ad,
0x7b2,
0x7b7,
0x7bc,
0x7c1,
0x7c6,
0x7cb,
0x7d0,
0x7d5,
0x7da,
0x7df,
0x7e4,
0x7e9,
0x7ee,
0x7f3,
0x7f8,
0x7fd,
0x801,
0x806,
0x80b,
0x810,
0x815,
0x81a,
0x81f,
0x824,
0x829,
0x82e,
0x833,
0x838,
0x83d,
0x842,
0x847,
0x84c,
0x851,
0x856,
0x85b,
0x860,
0x865,
0x86a,
0x86f,
0x874,
0x879,
0x87e,
0x883,
0x888,
0x88c,
0x891,
0x896,
0x89b,
0x8a0,
0x8a5,
0x8aa,
0x8af,
0x8b4,
0xba,
0xba,
0xba,
0xba,
0xba,
0xba,
0xba,
0xba,
0xba,
0xba,
0xba,
0xba,
0xba,
0xba,
0xba,
0xba,
0xba,
0xba,
0xba,
0xba,
0xba,
0xba,
0xba,
0xba,
0xba,
0xba,
0xba,
0xba,
0xba,
0xba,
0xba,
0xba,
0xba,
0xba,
0xba,
0xba,
0xba,
0xba,
0xba,
0xba,
0xba,
0xba,
0xba,
0xba,
0xba,
0xba,
0xba,
0xba,
0xba,
0xba,
0xba,
0xba,
0xba,
0xba,
0xba,
0xba,
0xba,
0xba,
0xba,
0xba,
0xba,
0xba,
0xba,
0xba,
0xba,
0xba,
0xba,
0xba,
0xba,
0xba,
0xba,
0xba,
0xba,
0xba,
0xba,
0xba,
0xba,
0xba,
0xba,
0xba,
0xba,
0xba,
0xba,
0xba,
0xba,
0xba,
0xba,
0xba,
0xba,
0xba,
0xba,
0xba,
0xba,
0xba,
0xba,
0xba,
0xba,
0xba,
0xba,
0xba,
0xba,
0xba,
0xba,
0xba,
0xba,
0xba,
0xba,
0xba,
0xba,
0xba,
0xba,
0xba,
0xba,
0xba,
0xba,
0xba,
0xba,
0xba,
0xba,
0xba,
0xba,
0xba,
0xba,
0xba,
0xba,
0xba,
0xba,
0xba,
0xba,
0xba,
0xba,
0xba,
0xba,
0xba,
0xba,
0xba,
0xba,
0xba,
0xba,
0xba,
0xba,
0xba,
0xba,
0xba,
0xba,
0xba,
0xba,
0xba,
0xba,
0xba,
0xba,
0xba,
0xba,
0xba,
0xba,
0xba,
0xba,
0xba,
0xba,
0xba,
0xba,
0xba,
0xba,
0xba,
0xba,
0xba,
0xba,
0xba,
0xba,
0xba,
0xba,
0xba,
0xba,
0xba,
0xba,
0xba,
0xba,
0xba,
0xba,
0xba,
0xba,
0xba,
0xba,
0xba,
0xba,
0xba,
0xba,
0xba,
0xba,
0xba,
0xba,
0xba,
0xba,
0xba,
0xba,
0xba,
0xba,
0xba,
0xba,
0xba,
0x0,
0x0,
0x0,
0x0,
0x0,
0x0,
0x0,
0x0,
0x0,
0x0,
0x0,
0x0,
0x0,
0x0,
0x0,
0x0,
0x0,
0x0,
0x0,
0x0,
0x0,
0x0,
0x0,
0x0,
0x0,
0x0,
0x0,
0x0,
0x0,
0x0,
0x0,
0x0,
0x0,
0x0,
0x0,
0x0,
0x0,
0x0,
0x0,
0x0,
0x0,
0x0,
0x0,
0x0,
0x0,
0x0,
0x0,
0x0,
0x0,
0x0,
0x0,
0x0,
0x0,
0x0,
0x0,
0x0,
0x0,
0x0,
0x0,
0x0,
0x0,
0x0,
0x0,
0x0,
0x0,
0x0,
0x0,
0x0,
0x0,
0x0,
0x0,
0x0,
0x0,
0x0,
0x0,
0x0,
0x0,
0x0,
0x0,
0x0,
0x0,
0x0,
0x0,
0x0,
0x0,
0x0,
0x0,
0x0,
0x0,
0x0,
0x0,
0x0,
0x0,
0x0,
0x0,
0x0,
0x0,
0x0,
0x0,
0x0,
0x0,
0x0,
0x0,
0x0,
0x0,
0x0,
0x0,
0x0,
0x0,
0x0,
0x0,
0x0,
0x0,
0x0,
0x0,
0x0,
0x0,
0x0,
0x0,
0x0,
0x0,
0x0,
0x0,
0x0,
0x0,
0x0,
0x0,
0x0,
0x0,
0x0,
0x0,
0x0,
0x0,
0x0,
0x0,
0x0,
0x0,
0x0,
0x0,
0x0,
0x0,
0x0,
0x0,
0x0,
0x0,
0x0,
0x0,
0x0,
0x0,
0x0,
0x0,
0x0,
0x0,
0x0,
0x0,
0x0,
0x0,
0x0,
0x0,
0x0,
0x0,
0x0,
0x0,
0x0,
0x0,
0x0,
0x0,
0x0,
0x0,
0x0,
0x0,
0x0,
0x0,
0x0,
0x0,
0x0,
0x0,
0x0,
0x0,
0x0,
0x0,
0x0,
0x0,
0x0,
0x0,
0x0,
0x0,
0x0,
0x0,
0x0,
0x0,
0x0,
0x0,
0x0,
0x0,
0x0,
0x0,
0x0,
0x0,
0x0,
